split_regime,n_readers,n_prefix_rows,coverage,undecided_rate,mean_words_to_decision,mean_texts_to_decision,evidence_cost,earliness_score,unstable_prefix_rate,AUROC,PR-AUC,BA,macro_F1,Brier,sensitivity,specificity,FPR,FNR,ECE,calibration_slope,calibration_intercept,candidate_id,candidate_group,feature_family,source_feature_group,calibrator,threshold_policy,accumulator,stopping_policy,prefix_type,prefix_value,threshold,calibration_source,clean_result,official_claim_allowed,selection_source,validation_score,validation_no_earliness_score
participant_grouped_kfold,57,57,1.0,0.0,5880.754385964912,4.245614035087719,1.0,0.0,0.0,0.8988919667590027,0.827106712425272,0.8157894736842105,0.8323529411764705,0.11860417816183791,0.6842105263157895,0.9473684210526315,0.05263157894736842,0.3157894736842105,0.09859775399960255,0.18079389056070844,0.615465350548898,v2_candidate_0000,offline_all_full_evidence,all_allowed_strict_online,all_allowed_online,identity,fixed_0_5,learned_meta_aggregator,no_stop,trial_or_text_prefix,all,0.5,identity,True,False,inner_oof,0.7937030052572108,0.8818922291966638
text_balanced_unseen_reader,57,57,1.0,0.0,5880.754385964912,4.245614035087719,1.0,0.0,0.0,0.8988919667590027,0.827106712425272,0.8157894736842105,0.8323529411764705,0.11860417816183791,0.6842105263157895,0.9473684210526315,0.05263157894736842,0.3157894736842105,0.09859775399960255,0.18079389056070844,0.615465350548898,v2_candidate_0000,offline_all_full_evidence,all_allowed_strict_online,all_allowed_online,identity,fixed_0_5,learned_meta_aggregator,no_stop,trial_or_text_prefix,all,0.5,identity,True,False,inner_oof,0.7937030052572108,0.8818922291966638
unseen_reader,57,57,1.0,0.0,5880.754385964912,4.245614035087719,1.0,0.0,0.0,0.8988919667590027,0.827106712425272,0.8157894736842105,0.8323529411764705,0.11860417816183791,0.6842105263157895,0.9473684210526315,0.05263157894736842,0.3157894736842105,0.09859775399960255,0.18079389056070844,0.615465350548898,v2_candidate_0000,offline_all_full_evidence,all_allowed_strict_online,all_allowed_online,identity,fixed_0_5,learned_meta_aggregator,no_stop,trial_or_text_prefix,all,0.5,identity,True,False,inner_oof,0.7937030052572108,0.8818922291966638
participant_grouped_kfold,57,57,1.0,0.0,1663.0701754385964,1.0,0.32348911214106735,0.6765108878589327,0.0,0.7770083102493074,0.6488834436976851,0.763157894736842,0.740909090909091,0.1787847304596338,0.7894736842105263,0.7368421052631579,0.2631578947368421,0.21052631578947367,0.12248071542398037,0.165377743332705,0.43876485285974826,v2_candidate_0031,online_early_detection,dfm_residual_plus_uncertainty_prefix,dfm_residual_plus_uncertainty_prefix,identity,inner_cv_regime_specific,learned_meta_aggregator,fixed_budget,trial_or_text_prefix,1,0.4322034668990221,identity,True,False,inner_oof,0.7285595778172607,0.7666941117189477
text_balanced_unseen_reader,57,57,1.0,0.0,1663.0701754385964,1.0,0.32348911214106735,0.6765108878589327,0.0,0.7770083102493074,0.6488834436976851,0.763157894736842,0.740909090909091,0.1787847304596338,0.7894736842105263,0.7368421052631579,0.2631578947368421,0.21052631578947367,0.12248071542398037,0.165377743332705,0.43876485285974826,v2_candidate_0031,online_early_detection,dfm_residual_plus_uncertainty_prefix,dfm_residual_plus_uncertainty_prefix,identity,inner_cv_regime_specific,learned_meta_aggregator,fixed_budget,trial_or_text_prefix,1,0.4322034668990221,identity,True,False,inner_oof,0.7285595778172607,0.7666941117189477
unseen_reader,57,57,1.0,0.0,1663.0701754385964,1.0,0.32348911214106735,0.6765108878589327,0.0,0.7770083102493074,0.6488834436976851,0.763157894736842,0.740909090909091,0.1787847304596338,0.7894736842105263,0.7368421052631579,0.2631578947368421,0.21052631578947367,0.12248071542398037,0.165377743332705,0.43876485285974826,v2_candidate_0031,online_early_detection,dfm_residual_plus_uncertainty_prefix,dfm_residual_plus_uncertainty_prefix,identity,inner_cv_regime_specific,learned_meta_aggregator,fixed_budget,trial_or_text_prefix,1,0.4322034668990221,identity,True,False,inner_oof,0.7285595778172607,0.7666941117189477
unseen_reader_and_text,17,17,1.0,0.0,1659.7058823529412,1.0,0.9234297867830593,0.07657021321694076,0.0,0.8333333333333333,0.7314484126984127,0.8194444444444444,0.8210526315789474,0.20347014662843646,0.75,0.8888888888888888,0.1111111111111111,0.25,0.23348604873343326,0.2250131616652991,0.6688451016871672,v2_candidate_0031,online_early_detection,dfm_residual_plus_uncertainty_prefix,dfm_residual_plus_uncertainty_prefix,identity,inner_cv_regime_specific,learned_meta_aggregator,fixed_budget,trial_or_text_prefix,1,0.4322034668990221,identity,True,False,inner_oof,0.7285595778172607,0.7666941117189477
unseen_text,57,57,1.0,0.0,1663.0701754385964,1.0,0.9390207289325552,0.06097927106744482,0.0,0.6883656509695291,0.6098811226281984,0.6447368421052632,0.6531440162271805,0.1920357941108117,0.3684210526315789,0.9210526315789473,0.07894736842105263,0.631578947368421,0.09860220722706574,0.17884330553135783,0.4865276529397316,v2_candidate_0031,online_early_detection,dfm_residual_plus_uncertainty_prefix,dfm_residual_plus_uncertainty_prefix,identity,inner_cv_regime_specific,learned_meta_aggregator,fixed_budget,trial_or_text_prefix,1,0.4322034668990221,identity,True,False,inner_oof,0.7285595778172607,0.7666941117189477
participant_grouped_kfold,57,57,1.0,0.0,1000.0,1.087719298245614,0.2779521598262637,0.7220478401737362,0.0,0.778393351800554,0.5930120848680406,0.6842105263157895,0.6842105263157895,0.1783947022107178,0.5789473684210527,0.7894736842105263,0.21052631578947367,0.42105263157894735,0.09291796777783846,0.02827327788837897,0.3923287378356741,v2_candidate_0012,online_late_accumulation,dfm_residual_plus_uncertainty_prefix,dfm_residual_plus_uncertainty_prefix,isotonic,fixed_0_5,mean_probability,fixed_budget,word_count_prefix,1000,0.5,isotonic,True,False,inner_oof,0.7130460846677165,0.7391099379678578
text_balanced_unseen_reader,57,57,1.0,0.0,1000.0,1.087719298245614,0.2779521598262637,0.7220478401737362,0.0,0.778393351800554,0.5930120848680406,0.6842105263157895,0.6842105263157895,0.1783947022107178,0.5789473684210527,0.7894736842105263,0.21052631578947367,0.42105263157894735,0.09291796777783846,0.02827327788837897,0.3923287378356741,v2_candidate_0012,online_late_accumulation,dfm_residual_plus_uncertainty_prefix,dfm_residual_plus_uncertainty_prefix,isotonic,fixed_0_5,mean_probability,fixed_budget,word_count_prefix,1000,0.5,isotonic,True,False,inner_oof,0.7130460846677165,0.7391099379678578
unseen_reader,57,57,1.0,0.0,1000.0,1.087719298245614,0.2779521598262637,0.7220478401737362,0.0,0.778393351800554,0.5930120848680406,0.6842105263157895,0.6842105263157895,0.1783947022107178,0.5789473684210527,0.7894736842105263,0.21052631578947367,0.42105263157894735,0.09291796777783846,0.02827327788837897,0.3923287378356741,v2_candidate_0012,online_late_accumulation,dfm_residual_plus_uncertainty_prefix,dfm_residual_plus_uncertainty_prefix,isotonic,fixed_0_5,mean_probability,fixed_budget,word_count_prefix,1000,0.5,isotonic,True,False,inner_oof,0.7130460846677165,0.7391099379678578
unseen_reader_and_text,17,17,1.0,0.0,1000.0,1.0,0.756638244964754,0.24336175503524599,0.0,0.7013888888888888,0.6299107142857143,0.5833333333333333,0.5824561403508772,0.258143291536743,0.5,0.6666666666666666,0.3333333333333333,0.5,0.224398552215902,0.0463784916913355,0.5372505849455582,v2_candidate_0012,online_late_accumulation,dfm_residual_plus_uncertainty_prefix,dfm_residual_plus_uncertainty_prefix,isotonic,fixed_0_5,mean_probability,fixed_budget,word_count_prefix,1000,0.5,isotonic,True,False,inner_oof,0.7130460846677165,0.7391099379678578
unseen_text,52,52,1.0,0.0,1000.0,1.0,0.7568412859100874,0.24315871408991263,0.0,0.7647058823529411,0.5803733031674209,0.738655462184874,0.7273093989511901,0.180103713510183,0.7058823529411765,0.7714285714285715,0.22857142857142856,0.29411764705882354,0.10003987572929154,0.041313872117573466,0.36912819659591234,v2_candidate_0012,online_late_accumulation,dfm_residual_plus_uncertainty_prefix,dfm_residual_plus_uncertainty_prefix,isotonic,fixed_0_5,mean_probability,fixed_budget,word_count_prefix,1000,0.5,isotonic,True,False,inner_oof,0.7130460846677165,0.7391099379678578
participant_grouped_kfold,57,57,1.0,0.0,500.0,1.0175438596491229,0.2094038855383059,0.7905961144616942,0.0,0.7950138504155125,0.6503677033936174,0.7763157894736843,0.7572879135276778,0.15959711130773793,0.7894736842105263,0.7631578947368421,0.23684210526315788,0.21052631578947367,0.08623827961215905,0.20463078061860726,0.5317682210673945,v2_candidate_0019,online_mid_detection,dfm_residual_plus_uncertainty_prefix,dfm_residual_plus_uncertainty_prefix,identity,inner_cv_regime_specific,learned_meta_aggregator,fixed_budget,word_count_prefix,500,0.36934041804461165,identity,True,False,inner_oof,0.759114562223872,0.7774810480582808
text_balanced_unseen_reader,57,57,1.0,0.0,500.0,1.0175438596491229,0.2094038855383059,0.7905961144616942,0.0,0.7950138504155125,0.6503677033936174,0.7763157894736843,0.7572879135276778,0.15959711130773793,0.7894736842105263,0.7631578947368421,0.23684210526315788,0.21052631578947367,0.08623827961215905,0.20463078061860726,0.5317682210673945,v2_candidate_0019,online_mid_detection,dfm_residual_plus_uncertainty_prefix,dfm_residual_plus_uncertainty_prefix,identity,inner_cv_regime_specific,learned_meta_aggregator,fixed_budget,word_count_prefix,500,0.36934041804461165,identity,True,False,inner_oof,0.759114562223872,0.7774810480582808
unseen_reader,57,57,1.0,0.0,500.0,1.0175438596491229,0.2094038855383059,0.7905961144616942,0.0,0.7950138504155125,0.6503677033936174,0.7763157894736843,0.7572879135276778,0.15959711130773793,0.7894736842105263,0.7631578947368421,0.23684210526315788,0.21052631578947367,0.08623827961215905,0.20463078061860726,0.5317682210673945,v2_candidate_0019,online_mid_detection,dfm_residual_plus_uncertainty_prefix,dfm_residual_plus_uncertainty_prefix,identity,inner_cv_regime_specific,learned_meta_aggregator,fixed_budget,word_count_prefix,500,0.36934041804461165,identity,True,False,inner_oof,0.759114562223872,0.7774810480582808
unseen_reader_and_text,17,17,1.0,0.0,500.0,1.0,0.6062602989529653,0.39373970104703476,0.0,0.763888888888889,0.6336670274170274,0.7013888888888888,0.7017543859649122,0.22828846671400374,0.625,0.7777777777777778,0.2222222222222222,0.375,0.24439621093456476,0.1992079776268542,0.657135096490781,v2_candidate_0019,online_mid_detection,dfm_residual_plus_uncertainty_prefix,dfm_residual_plus_uncertainty_prefix,identity,inner_cv_regime_specific,learned_meta_aggregator,fixed_budget,word_count_prefix,500,0.36934041804461165,identity,True,False,inner_oof,0.759114562223872,0.7774810480582808
unseen_text,56,56,1.0,0.0,500.0,1.0,0.6220946701702722,0.37790532982972785,0.0,0.7695590327169275,0.6964604997436067,0.6827880512091038,0.69375,0.17654271524457088,0.47368421052631576,0.8918918918918919,0.10810810810810811,0.5263157894736842,0.09798338925948258,0.2322914985420036,0.5447083739720227,v2_candidate_0019,online_mid_detection,dfm_residual_plus_uncertainty_prefix,dfm_residual_plus_uncertainty_prefix,identity,inner_cv_regime_specific,learned_meta_aggregator,fixed_budget,word_count_prefix,500,0.36934041804461165,identity,True,False,inner_oof,0.759114562223872,0.7774810480582808
participant_grouped_kfold,57,57,0.8771929824561403,0.1228070175438597,214.28,1.04,0.17424593282875236,0.8257540671712478,0.0,0.5176715176715176,0.31067586121493884,0.49584199584199584,0.48764315852923446,0.24649382114701324,0.15384615384615385,0.8378378378378378,0.16216216216216217,0.8461538461538461,0.19333304546646707,0.0043881439684149886,0.2665474448592546,v2_candidate_0043,online_stopping_detector,dfm_residual_plus_uncertainty_prefix,dfm_residual_plus_uncertainty_prefix,identity,inner_cv_global,learned_meta_aggregator,coverage_constrained_stop,sequence,sequence_stop,0.5,two_sided:0.25:0.75,True,False,inner_oof,0.6955022666015077,0.7007597905115218
text_balanced_unseen_reader,57,57,0.8771929824561403,0.1228070175438597,214.28,1.04,0.17424593282875236,0.8257540671712478,0.0,0.5176715176715176,0.31067586121493884,0.49584199584199584,0.48764315852923446,0.24649382114701324,0.15384615384615385,0.8378378378378378,0.16216216216216217,0.8461538461538461,0.19333304546646707,0.0043881439684149886,0.2665474448592546,v2_candidate_0043,online_stopping_detector,dfm_residual_plus_uncertainty_prefix,dfm_residual_plus_uncertainty_prefix,identity,inner_cv_global,learned_meta_aggregator,coverage_constrained_stop,sequence,sequence_stop,0.5,two_sided:0.25:0.75,True,False,inner_oof,0.6955022666015077,0.7007597905115218
unseen_reader,57,57,0.8771929824561403,0.1228070175438597,214.28,1.04,0.17424593282875236,0.8257540671712478,0.0,0.5176715176715176,0.31067586121493884,0.49584199584199584,0.48764315852923446,0.24649382114701324,0.15384615384615385,0.8378378378378378,0.16216216216216217,0.8461538461538461,0.19333304546646707,0.0043881439684149886,0.2665474448592546,v2_candidate_0043,online_stopping_detector,dfm_residual_plus_uncertainty_prefix,dfm_residual_plus_uncertainty_prefix,identity,inner_cv_global,learned_meta_aggregator,coverage_constrained_stop,sequence,sequence_stop,0.5,two_sided:0.25:0.75,True,False,inner_oof,0.6955022666015077,0.7007597905115218
unseen_reader_and_text,17,17,0.6470588235294118,0.3529411764705882,172.72727272727272,1.0,0.49200138914409997,0.5079986108559001,0.0,0.7857142857142857,0.6083333333333333,0.5,0.3888888888888889,0.25906184917438535,0.0,1.0,0.0,1.0,0.25202613296968973,0.2835217614898563,0.9587354603096663,v2_candidate_0043,online_stopping_detector,dfm_residual_plus_uncertainty_prefix,dfm_residual_plus_uncertainty_prefix,identity,inner_cv_global,learned_meta_aggregator,coverage_constrained_stop,sequence,sequence_stop,0.5,two_sided:0.25:0.75,True,False,inner_oof,0.6955022666015077,0.7007597905115218
unseen_text,57,57,0.7543859649122807,0.24561403508771928,544.7906976744187,1.0232558139534884,0.5762191990655678,0.42378080093443216,0.0,0.6164772727272727,0.41927220398057363,0.5596590909090909,0.5558685446009389,0.195295729285282,0.18181818181818182,0.9375,0.0625,0.8181818181818182,0.12260343435341083,0.0839165945765076,0.3569326485296592,v2_candidate_0043,online_stopping_detector,dfm_residual_plus_uncertainty_prefix,dfm_residual_plus_uncertainty_prefix,identity,inner_cv_global,learned_meta_aggregator,coverage_constrained_stop,sequence,sequence_stop,0.5,two_sided:0.25:0.75,True,False,inner_oof,0.6955022666015077,0.7007597905115218
